k	sign_h(-1)	log10|h(-1)|	initial_run	top6_signs
0	+	0.000000	1	+
1	+	0.000000	1	+
2	0	-inf	2	++
3	-	0.301030	2	++-
4	-	0.778151	2	++-
5	-	1.000000	2	++--
6	-	1.000000	2	++--+
7	+	1.000000	2	++--+
8	+	1.913814	3	+++-++
9	+	2.376577	3	++-++-
10	+	2.641474	3	++-++-
11	+	2.424882	3	+--+--
12	-	3.181272	3	--+--+
13	-	3.875409	3	--+--+
14	-	4.297060	3	-+--++
15	-	4.477671	3	++-++-
16	+	4.080987	4	++-++-
17	+	5.421995	4	+-++--
18	+	6.012219	4	--+--+
19	+	6.385371	4	--+--+
20	+	6.404481	4	-+--++
21	-	6.921858	4	++-++-
22	-	7.767046	4	++-++-
23	-	8.288795	4	+-++--
24	-	8.582861	5	-++--+
25	-	7.642109	5	--+--+
26	+	9.517135	5	-+--++
27	+	10.204784	5	+--++-
28	+	10.658304	5	++-++-
29	+	10.810348	5	+-++--
30	-	11.135080	5	-++--+
31	-	12.123799	5	-++--+
32	-	12.717914	5	-+--++
33	-	13.089123	6	+--++-
34	-	12.802508	6	+--++-
35	+	14.005900	6	+-++--
36	+	14.773217	6	-++--+
37	+	15.288319	6	-++--+
38	+	15.529777	6	++--++
39	-	15.672473	6	+--++-
40	-	16.812889	6	+--++-
41	-	17.465111	7	--++--
42	-	17.894348	7	-++--+
43	-	17.820047	7	-++--+
44	+	18.791504	7	++--++
45	+	19.627585	7	+--++-
46	+	20.191797	7	+--++-
47	+	20.498546	7	--++--
48	-	20.448220	7	-++--+
49	-	21.762338	7	-++--+
50	-	22.463045	8	++--++
51	-	22.938297	8	+--++-
52	-	22.985293	8	+--++-
53	+	23.815990	8	--++--
54	+	24.713144	8	-++--+
55	+	25.317793	8	-++--+
56	+	25.674823	8	++--++
57	-	25.392570	8	+--++-
58	-	26.926514	8	+--++-
59	-	27.668486	9	--++--
60	-	28.181353	9	-++--+
61	-	28.309885	9	-++--+
62	+	29.041030	9	++--++
63	+	29.993034	9	+--++-
64	+	30.631670	9	+--++-
65	+	31.028810	9	--++--
66	-	30.405727	9	-++--+
67	-	32.273719	9	-++--+
68	-	33.051186	10	++--++
69	-	33.595407	10	+--++-
70	-	33.783298	10	+--++-
71	+	34.439451	10	--++--
72	+	35.440719	10	-++--+
73	+	36.108276	10	-++--+
74	+	36.538163	10	++--++
75	-	34.702142	10	+-+++-
76	-	37.780594	10	+--++-
77	-	38.588722	11	--++--
78	-	39.159416	11	-+---+
79	-	39.392530	11	-+---+
80	+	39.990998	11	++--++
81	+	41.036148	11	+-+++-
82	+	41.728484	11	+-+++-
83	+	42.185515	11	-++---
84	+	41.397471	11	-+---+
85	-	43.429184	11	-+---+
86	-	44.263776	12	+--+++
87	-	44.857004	12	+-+++-
88	-	45.125505	12	+-+++-
89	+	45.679979	12	-++---
90	+	46.763609	12	++---+
91	+	47.477242	12	-+---+
92	+	47.956979	12	+--+++
93	+	47.438691	12	--+++-
94	-	49.205225	12	--+++-
95	-	50.062555	13	-++---
96	-	50.675044	13	++---+
97	-	50.971642	13	++---+
98	+	51.493836	13	+--+++
99	+	52.610445	13	--+++-
100	+	53.342378	13	--+++-
101	+	53.841196	13	-++---
102	+	53.456137	13	++---+
103	-	55.097093	13	++---+
104	-	55.973799	13	+--+++
105	-	56.602775	14	--+++-
106	-	56.921789	14	--+++-
107	+	57.422228	14	-++---
108	+	58.566224	14	++---+
109	+	59.313839	14	++---+
110	+	59.828700	14	+--+++
111	+	59.521886	14	--+++-
112	-	61.095112	14	--+++-
113	-	61.988135	14	-++---
114	-	62.631203	15	++---+
115	-	62.968022	15	++---+
116	+	63.456403	15	+--+++
117	+	64.622194	15	--+++-
118	+	65.383178	15	--+++-
119	+	65.911481	15	-++---
120	+	65.651751	15	++---+
121	-	67.191083	15	++---+
122	-	68.097636	15	+--+++
123	-	68.752699	16	--+++-
124	-	69.103448	16	--+++-
125	+	69.588779	16	-++---
126	+	70.770898	16	++---+
127	+	71.543190	16	++---+
128	+	72.082664	16	+--+++
129	+	71.848587	16	--+++-
130	-	73.377959	16	--+++-
131	-	74.295504	16	-++---
132	-	74.960702	17	++---+
133	-	75.322021	17	++---+
134	+	75.812651	17	+--+++
135	+	77.005905	17	--+++-
136	+	77.787656	17	--+++-
137	+	78.336286	17	-++---
138	+	78.110753	17	++---+
139	-	79.649611	17	++---+
140	-	80.575842	17	+--+++
141	-	81.249512	18	--+++-
142	-	81.618400	18	--+++-
143	+	82.122002	18	-++---
144	+	83.321605	18	++---+
145	+	84.111150	18	++---+
146	+	84.667123	18	+--+++
147	+	84.434518	18	--+++-
148	-	86.000650	18	--+++-
149	-	86.933484	18	-++---
150	-	87.614124	18	++---+
151	-	87.987828	19	++---+
152	+	88.511385	19	+--+++
153	+	89.713061	19	--+++-
154	+	90.508897	19	--+++-
155	+	91.070554	19	-++---
156	+	90.814672	19	++---+
157	-	92.426302	19	++---+
158	-	93.363866	19	+--+++
159	-	94.050109	19	--+++-
160	-	94.426035	20	--+++-
161	+	94.975847	20	-++---
162	+	96.175891	20	++---+
163	+	96.976657	20	++---+
164	+	97.542464	20	+--+++
165	+	97.244191	20	--+++-
166	-	98.922302	20	--++--
167	-	99.862926	20	-++---
168	-	100.553519	20	++---+
169	-	100.929157	21	++--++
170	+	101.510880	21	+--+++
171	+	102.706181	21	--+++-
172	+	103.510643	21	--++--
173	+	104.079158	21	-++---
174	+	103.712715	21	++---+
175	-	105.484822	21	++--++
176	-	106.427023	21	+--+++
177	-	107.120809	21	--+++-
178	-	107.493664	22	--++--
179	+	108.112390	22	-++---
180	+	109.300413	22	++---+
181	+	110.107449	22	++--++
182	+	110.677301	22	+--+++
183	+	110.201922	22	--+++-
184	-	112.110406	22	--++--
185	-	113.052875	22	-++---
186	-	113.748777	22	++---+
187	-	114.116307	22	++--++
188	+	114.776661	23	+--+++
189	+	115.955406	23	--+++-
190	+	116.763994	23	--++--
191	+	117.333860	23	-++---
192	+	116.667812	23	++---+
193	-	118.795920	23	++--++
194	-	119.737507	23	+--+++
195	-	120.434516	23	--+++-
196	-	120.794061	23	--++--
197	+	121.500330	24	-++---
198	+	122.668272	24	++---+
199	+	123.477477	24	++--++
200	+	124.046063	24	+--+++
201	+	122.901609	24	--+++-
202	-	125.538512	24	--++--
203	-	126.478212	24	-++---
204	-	127.175374	24	++---+
205	-	127.524077	24	++--++
206	+	128.280356	25	+--+++
207	+	129.436375	25	--+++-
208	+	130.245340	25	--++--
209	+	130.811363	25	-++---
210	-	129.809497	25	++---+
211	-	132.335576	25	++--++
212	-	133.272513	25	+--+++
213	-	133.968920	25	--+++-
214	-	134.303627	25	--++--
215	+	135.113985	25	-++---
216	+	136.257303	26	++---+
217	+	137.065240	26	++--++
218	+	137.627404	26	+--+++
219	-	137.105640	26	--+++-
220	-	139.184725	26	--++--
221	-	140.118137	26	-++---
222	-	140.812912	26	++---+
223	-	141.130053	26	++--++
224	+	141.998723	26	+--+++
225	+	143.128836	27	--+++-
226	+	143.935015	27	--++--
227	+	144.491998	27	-++---
228	-	144.220605	27	++---+
229	-	146.083763	27	++--++
230	-	147.012989	27	+--+++
231	-	147.705282	27	--+++-
232	-	148.000695	27	--++--
233	+	148.932308	27	-++---
234	+	150.048931	28	++---+
235	+	150.852670	28	++--++
236	+	151.403096	28	---+++
237	-	151.310249	28	--+++-
238	-	153.030669	28	--++--
239	-	153.955132	28	+++---
240	-	154.644106	28	++---+
241	-	154.912797	28	++--++
242	+	155.912679	28	---+++
243	+	157.015696	28	--+++-
244	+	157.816356	29	--++--
245	+	158.358771	29	+++---
246	-	158.409103	29	++---+
247	-	160.023573	29	++--++
248	-	160.942771	29	---+++
249	-	161.627593	29	--+++-
250	-	161.863372	29	--++--
251	+	162.937953	29	+++---
252	+	164.027375	29	++---+
253	+	164.824350	30	++--++
254	+	165.357193	30	---+++
255	-	165.529910	30	--+++-
256	-	167.060745	30	--++--
257	-	167.974234	30	+++---
258	-	168.654067	30	++---+
259	-	168.848968	30	++--++
260	+	170.006405	30	---+++
261	+	171.082337	30	--+++-
262	+	171.875046	30	--++--
263	+	172.396614	31	+++---
264	-	172.678349	31	++---+
265	-	174.140575	31	++--++
266	-	175.047964	31	---+++
267	-	175.721952	31	--+++-
268	-	175.865258	31	--++--
269	+	177.116450	31	+++---
270	+	178.179060	31	++---+
271	+	178.966941	31	++--++
272	+	179.475341	32	---+++
273	-	179.857132	32	--+++-
274	-	181.261566	32	--++--
275	-	182.162504	32	+++---
276	-	182.829763	32	++---+
277	-	182.906201	32	++--++
278	+	184.266622	32	---+++
279	+	185.316121	32	--+++-
280	+	186.098623	32	--++--
281	+	186.591717	33	+++---
282	-	187.067529	33	++---+
283	-	188.422323	33	++--++
284	-	189.316488	33	---+++
285	-	189.976092	33	--+++-
286	-	189.962082	33	--++--
287	+	191.455565	33	+++---
288	+	192.492189	33	++---+
289	+	193.268763	33	++--++
290	+	193.744091	33	---+++
291	-	194.310037	34	--+++-
292	-	195.621537	34	--++--
293	-	196.508631	34	+++---
294	-	197.159598	34	++---+
295	-	197.013946	34	++--++
296	+	198.682016	34	---+++
297	+	199.706012	34	--+++-
298	+	200.476106	34	--++--
299	+	200.930783	34	+++---
300	-	201.584713	35	++---+
301	-	202.857984	35	++--++
302	-	203.737726	35	---+++
303	-	204.378997	35	--+++-
304	-	204.011233	35	--++--
305	+	205.944799	35	+++---
306	+	206.956412	35	++---+
307	+	207.719463	35	+---++
308	+	208.150038	35	---+++
309	-	208.891352	35	--+++-
310	-	210.130515	36	-+++--
311	-	211.002629	36	+++---
312	-	211.633050	36	++---+
313	-	210.651146	36	+---++
314	+	213.242813	36	---+++
315	+	214.242281	36	--+++-
316	+	214.997704	36	-+++--
317	+	215.399952	36	+++---
318	-	216.229590	36	++---+
319	-	217.438046	37	+---++
320	-	218.302260	37	---+++
321	-	218.920556	37	--+++-
322	+	218.343815	37	-+++--
323	+	220.575024	37	+++---
324	+	221.562569	37	++---+
325	+	222.309753	37	+---++
326	+	222.678363	37	---+++
327	-	223.598968	37	--+++-
328	-	224.779557	38	-+++--
329	-	225.635595	38	+++---
330	-	226.240335	38	++---+
331	+	226.077490	38	+---++
332	+	227.940461	38	---+++
333	+	228.916284	38	--+++-
334	+	229.654577	38	-+++--
335	+	229.982672	38	+++---
336	-	230.998967	38	++---+
337	-	232.154083	38	+---++
338	-	233.001658	39	---+++
339	-	233.591216	39	--+++-
340	+	233.660676	39	-+++--
341	+	235.338207	39	+++---
342	+	236.302485	39	++---+
343	+	237.031186	39	+---++
344	+	237.309509	39	---+++
345	-	238.429037	39	--+++-
346	-	239.560710	39	-+++--
347	-	240.399520	40	+++---
348	-	240.972024	40	++---+
349	+	241.211966	40	+---++
350	+	242.767395	40	---+++
351	+	243.720277	40	--+++-
352	+	244.438624	40	-+++--
353	+	244.654086	40	+++---
354	-	245.888609	40	++---+
355	-	246.998573	40	+---++
356	-	247.828292	40	---+++
357	-	248.381550	41	--+++-
358	+	248.761539	41	-+++--
359	+	250.227205	41	+++---
360	+	251.168808	41	++---+
361	+	251.875960	41	+---++
362	+	252.008747	41	---+++
363	-	253.377110	41	--+++-
364	-	254.466849	41	-+++--
365	-	255.287123	41	+++---
366	-	255.818530	42	++---+
367	+	256.321399	42	+---++
368	+	257.716856	42	---+++
369	+	258.647266	42	--+++-
370	+	259.342287	42	-+++--
371	+	259.359132	42	+++---
372	-	260.893965	42	++---+
373	-	261.964753	42	+---++
374	-	262.775195	42	---+++
375	-	263.281596	42	--+++-
376	+	263.897327	43	-+++--
377	+	265.235607	43	+++---
378	+	266.154873	43	++---+
379	+	266.836709	43	+---++
380	+	266.670750	43	---+++
381	-	268.438609	43	--+++-
382	-	269.491540	43	-+++--
383	-	270.291718	43	+++---
384	-	270.769218	43	++---+
385	+	271.492398	44	+---++
386	+	272.782752	44	---+++
387	+	273.690885	44	--+++-
388	+	274.358337	44	-+++--
389	+	273.804029	44	+++---
390	-	276.010484	44	++---+
391	-	277.046494	44	+---++
392	-	277.835927	44	---+++
393	-	278.279603	44	--+++-
394	+	279.108327	45	-+++--
395	+	280.357615	45	+++---
396	+	281.254587	45	++---+
397	+	281.906275	45	+---++
398	-	281.160782	45	---+++
399	-	283.609042	45	--+++-
400	-	284.628934	45	-+++--
401	-	285.407078	45	+++---
402	-	285.810529	45	++---+
403	+	286.746075	45	+---++
404	+	287.959552	46	---+++
405	+	288.845290	46	--+++-
406	+	289.479610	46	-+++--
407	-	289.328295	46	+++---
408	-	291.233750	46	++---+
409	-	292.238203	46	+---++
410	-	293.004444	46	---+++
411	-	293.359047	46	--+++-
412	+	294.406155	46	-+++--
413	+	295.587943	47	+++---
414	+	296.462330	47	++---+
415	+	297.077391	47	+---++
416	-	297.196395	47	---+++
417	-	298.884086	47	--+++-
418	-	299.873674	47	-+++--
419	-	300.627311	47	+++---
420	-	300.920900	47	++---+
421	+	302.088801	47	+---++
422	+	303.242197	47	---+++
423	+	304.105063	48	--+++-
424	+	304.698609	48	-+++--
425	-	305.006017	48	+++---
426	-	306.559545	48	++---+
427	-	307.534740	48	+---++
428	-	308.274970	48	---+++
429	-	308.489255	48	--+++-
430	+	309.794066	48	-+++--
431	+	310.921743	48	+++---
432	+	311.772865	49	++---+
433	+	312.342161	49	+---++
434	-	312.801389	49	---+++
435	-	314.259631	49	--+++-
436	-	315.220818	49	-+++--
437	-	315.946712	49	+++---
438	-	316.051433	49	++---+
439	+	317.521886	49	+---++
440	+	318.626033	49	---+++
441	+	319.465127	49	--+++-
442	+	320.006801	50	-+++--
443	-	320.598560	50	+++---
444	-	321.983865	50	++---+
445	-	322.931343	50	+---++
446	-	323.641825	50	---+++
447	-	323.578062	50	--+++-
448	+	325.272113	50	-+++--
449	+	326.354538	50	+++---
450	+	327.181252	50	++---+
451	+	327.691063	51	+---++
452	-	328.405013	51	---+++
453	-	329.731781	51	--+++-
454	-	330.665767	51	-+++--
455	-	331.359578	51	+++---
456	-	330.963044	51	++---+
457	+	333.044544	51	+---++
458	+	334.106746	51	---+++
459	+	334.920654	51	--+++-
460	+	335.393134	51	-+++--
461	-	336.224724	52	+++---
462	-	337.502924	52	++---+
463	-	338.423560	52	+---++
464	-	339.099212	52	---+++
465	+	338.197363	52	--+++-
466	+	340.838939	52	-+++--
467	+	341.882163	52	+++---
468	+	342.682753	52	++---+
469	+	343.110632	52	+---++
470	-	344.059974	53	---+++
471	-	345.296852	53	--+++-
472	-	346.204204	53	-+++--
473	-	346.859925	53	+++---
474	+	346.724355	53	++---+
475	+	348.655031	53	+---++
476	+	349.680311	53	---+++
477	+	350.466969	53	--+++-
478	+	350.840201	53	-+++--
479	-	351.912123	53	+++---
480	-	353.113136	54	++---+
481	-	354.007192	54	+---++
482	-	354.640849	54	---+++
483	+	354.798909	54	--+++-
484	+	356.492536	54	-+++--
485	+	357.500725	54	+++---
486	+	358.272723	54	++---+
487	+	358.576653	54	+---++
488	-	359.781989	54	---+++
489	-	360.951357	55	--+++-
490	-	361.832029	55	-+++--
491	-	362.441014	55	+++---
492	+	362.798108	55	++---+
493	+	364.351157	55	+---++
494	+	365.342951	55	---+++
495	+	366.099425	55	--+++-
496	+	366.310979	55	-+++--
497	-	367.670058	55	+++---
498	-	368.811108	56	++---+
499	-	369.678224	56	+---++
500	-	370.259307	56	---+++
501	+	370.775556	56	--+++-
502	+	372.230591	56	-+++--
503	+	373.206547	56	+++---
504	+	373.946470	56	++---+
505	+	374.024595	56	+---++
506	-	375.576597	56	---+++
507	-	376.691989	56	--+++-
508	-	377.545295	57	-+++--
509	-	378.094392	57	+++---
510	+	378.749695	57	++---+
511	+	380.130531	57	+---++
512	+	381.091083	57	---+++
513	+	381.813227	57	--+++-
514	+	381.665936	57	-+++--
515	-	383.501726	57	+++---
516	-	384.593612	57	++---+
517	-	385.432757	58	+---++
518	-	385.944588	58	---+++
519	+	386.728954	58	--+++-
520	+	388.050668	58	-+++--
521	+	388.996133	58	+++---
522	+	389.699030	58	++---+
523	+	388.906432	58	+---++
524	-	391.445465	58	---+++
525	-	392.515597	58	--+++-
526	-	393.340127	58	-+++--
527	-	393.807661	59	+++---
528	+	394.717801	59	++---+
529	+	395.990691	59	+---++
530	+	396.921282	59	---+++
531	+	397.603155	59	--+++-
532	-	397.277775	59	-+++--
533	-	399.407764	59	+++---
534	-	400.457570	59	++---+
535	-	401.266917	59	+---++
536	-	401.680424	60	---+++
537	+	402.718819	60	--+++-
538	+	403.950292	60	-+++--
539	+	404.866117	60	+++---
540	+	405.524802	60	++---+
541	-	405.608202	60	+---++
542	-	407.388520	60	---+++
543	-	408.419166	60	--+++-
544	-	409.212628	60	-+++--
545	-	409.557933	60	+++---
546	+	410.733582	61	++---+
547	+	411.929164	61	+---++
548	+	412.830229	61	---+++
549	+	413.463057	61	--+++-
550	-	413.782528	61	-+++--
551	-	415.387595	61	+++---
552	-	416.400025	61	++---+
553	-	417.176742	61	+---++
554	-	417.431595	61	---+++
555	+	418.763073	62	--+++-
556	+	419.927002	62	-+++--
557	+	420.813212	62	+++---
558	+	421.416836	62	++---+
559	-	421.914124	62	+---++
560	-	423.404824	62	---+++
561	-	424.399792	62	--+++-
562	-	425.158722	62	-+++--
563	-	425.283818	62	+++---
564	+	426.807916	62	++---+
565	+	427.943504	63	+---++
566	+	428.814656	63	---+++
567	+	429.384808	63	--+++-
568	-	430.032783	63	-+++--
569	-	431.440021	63	+++---
570	-	432.418117	63	++---+
571	-	433.157992	63	+---++
572	-	433.066835	63	---+++
573	+	434.868495	63	--+++-
574	+	435.978370	64	-+++--
575	+	436.834149	64	+++---
576	+	437.365249	64	++---+
577	-	438.150705	64	+---++
578	-	439.492986	64	---+++
579	-	440.454652	64	--+++-
580	-	441.173929	64	-+++--
581	-	440.505973	64	+++---
582	+	442.945034	64	++---+
583	+	444.031301	64	+---++
584	+	444.871270	65	---+++
585	+	445.355798	65	--+++-
586	-	446.273998	65	-+++--
587	-	447.563508	65	+++---
588	-	448.509051	65	++---+
589	-	449.205842	65	+---++
590	+	448.880341	65	---+++
591	+	451.037647	65	--+++-
592	+	452.102003	65	-+++--
593	+	452.925588	66	+++---
594	+	453.352990	66	++---+
595	-	454.406092	66	+---++
596	-	455.651370	66	---+++
597	-	456.580967	66	--+++-
598	-	457.252939	66	-+++--
599	+	457.359294	66	+++---
600	+	459.146370	66	++---+
601	+	460.190180	66	+---++
602	+	460.996652	66	---+++
603	+	461.351264	67	--+++-
604	-	462.549057	67	-+++--
605	-	463.756347	67	+++---
606	-	464.670053	67	++---+
607	-	465.314292	67	+---++
608	+	465.663868	67	---+++
609	+	467.271181	67	--+++-
610	+	468.295541	67	-+++--
611	+	469.083989	67	+++---
612	+	469.340558	68	++---+
613	-	470.704197	68	+---++
614	-	471.878209	68	---+++
615	-	472.775956	68	--+++-
616	-	473.388762	68	-+++--
617	+	473.920697	68	+++---
618	+	475.412015	68	++---+
619	+	476.417793	68	+---++
620	+	477.187091	68	---+++
621	+	477.299012	68	--+++-
622	-	478.872357	69	-+++--
623	-	480.016725	69	+++---
624	-	480.898319	69	++---+
625	-	481.474900	69	+---++
626	+	482.161601	69	---+++
627	+	483.568775	69	--+++-
628	+	484.556644	69	-+++--
629	+	485.305404	69	+++---
630	+	485.160046	69	++---+
631	-	487.054084	70	+---++
632	-	488.171659	70	---+++
633	-	489.036773	70	--+++-
634	-	489.570758	70	-+++--
635	+	490.399422	70	+++---
636	+	491.741341	70	++---+
637	+	492.711798	70	+---++
638	+	493.438308	70	---+++
639	+	492.163441	70	--+++-
640	-	495.249733	70	-+++--
641	-	496.342774	71	+++---
642	-	497.190938	71	++---+
643	-	497.673555	71	+---++
644	+	498.640556	71	---+++
645	+	499.929573	71	--+++-
646	+	500.882960	71	-+++--
647	+	501.585095	71	+++---
648	-	501.440414	71	++---+
649	-	503.459521	71	+---++
650	-	504.529830	72	---+++
651	-	505.360412	72	--+++-
652	-	505.779012	72	-+++--
653	+	506.888596	72	+++---
654	+	508.133319	72	++---+
655	+	509.069829	72	+---++
656	+	509.744930	72	---+++
657	-	509.956164	72	--+++-
658	-	511.683570	72	-+++--
659	-	512.732585	72	+++---
660	-	513.544771	73	++---+
661	-	513.879837	73	+---++
662	+	515.145721	73	---+++
663	+	516.352414	73	--+++-
664	+	517.272096	73	-+++--
665	+	517.916791	73	+++---
666	-	518.351911	73	++---+
667	-	519.921932	73	+---++
668	-	520.950793	73	---+++
669	-	521.743555	74	--+++-
670	-	521.961702	74	-+++--
671	+	523.413318	74	+++---
672	+	524.586681	74	++---+
673	+	525.489446	74	+---++
674	+	526.099381	74	---+++
675	-	526.709933	74	--+++-
676	-	528.174610	74	-+++--
677	-	529.184208	74	+++---
678	-	529.956256	74	++---+
679	-	529.988854	75	+---++
680	+	531.692295	75	---+++
681	+	532.835941	75	--+++-
682	+	533.721553	75	-+++--
683	+	534.290973	75	+++---
684	-	535.054815	75	++---+
685	-	536.441564	75	+---++
686	-	537.432576	75	---+++
687	-	538.182307	75	--+++-
688	-	537.808695	76	-+++--
689	+	539.983257	76	+++---
690	+	541.100004	76	++---+
691	+	541.968072	76	+---++
692	+	542.489131	76	---+++
693	-	543.397189	76	--+++-
694	-	544.722727	76	-+++--
695	-	545.695640	76	+++---
696	-	546.421050	76	++---+
697	+	545.945185	76	+---++
698	+	548.286608	77	---+++
699	+	549.378674	77	--+++-
700	+	550.228641	77	-+++--
701	+	550.690181	77	+++---
702	-	551.742564	77	++---+
703	-	553.018009	77	+---++
704	-	553.973137	77	---+++
705	-	554.671708	77	--+++-
706	+	554.759827	77	-+++--
707	+	556.602608	78	+++---
708	+	557.671753	78	++---+
709	+	558.502869	78	+---++
710	+	558.888052	78	---+++
711	-	560.094122	78	--+++-
712	-	561.327300	78	-+++--
713	-	562.264794	78	+++---
714	-	562.933325	78	++---+
715	+	563.293799	78	+---++
716	+	564.931422	78	---+++
717	+	565.979034	79	--+++-
718	+	566.790331	79	-+++--
719	+	567.071374	79	+++---
720	-	568.453832	79	++---+
721	-	569.650474	79	+---++
722	-	570.570329	79	---+++
723	-	571.204686	79	--+++-
724	+	571.761719	79	-+++--
725	+	573.273141	79	+++---
726	+	574.300306	80	++---+
727	+	575.090553	80	+---++
728	+	575.214169	80	---+++
729	-	576.822969	80	--+++-
730	-	577.987396	80	-+++--
731	-	578.889445	80	+++---
732	-	579.484172	80	++---+
733	+	580.205755	80	+---++
734	+	581.627799	80	---+++
735	+	582.635349	80	--+++-
736	+	583.402997	81	-+++--
737	+	583.228513	81	+++---
738	-	585.202384	81	++---+
739	-	586.337916	81	+---++
740	-	587.221828	81	---+++
741	-	587.769508	81	--+++-
742	+	588.641671	81	-+++--
743	+	589.995393	81	+++---
744	+	590.983939	81	++---+
745	+	591.727039	82	+---++
746	-	590.692501	82	---+++
747	-	593.592652	82	--+++-
748	-	594.701879	82	-+++--
749	-	595.567143	82	+++---
750	-	596.057284	82	++---+
751	+	597.077040	82	+---++
752	+	598.375887	82	---+++
753	+	599.345841	82	--+++-
754	+	600.061929	82	-+++--
755	-	600.055735	83	+++---
756	-	601.994164	83	++---+
757	-	603.079119	83	+---++
758	-	603.925024	83	---+++
759	-	604.341934	83	--+++-
760	+	605.516038	83	-+++--
761	+	606.769217	83	+++---
762	+	607.720811	83	++---+
763	+	608.406744	83	+---++
764	-	608.719641	83	---+++
765	-	610.407183	84	-++++-
766	-	611.469461	84	-+++--
767	-	612.295068	84	+++---
768	-	612.613235	84	+----+
769	+	613.961182	84	+---++
770	+	615.175302	84	---+++
771	+	616.108591	84	-++++-
772	+	616.760297	84	-+++--
773	-	617.287533	84	+++---
774	-	618.831876	85	+----+
775	-	619.872724	85	+---++
776	-	620.676823	85	---+++
777	-	620.848647	85	-++++-
778	+	622.414076	85	-+++--
779	+	623.594042	85	+++---
780	+	624.508909	85	+----+
781	+	625.121001	85	+---++
782	-	625.822021	85	---+++
783	-	627.268344	85	-++++-
784	-	628.288717	86	-+++--
785	-	629.069766	86	+++---
786	-	628.977952	86	+----+
787	+	630.875786	86	+---++
788	+	632.025323	86	---+++
789	+	632.921473	86	-++++-
790	+	633.486619	86	-+++--
791	-	634.343760	86	+++---
792	-	635.716636	86	+----+
793	-	636.717238	87	+---++
794	-	637.473287	87	---+++
795	-	635.952249	87	-++++-
796	+	639.347034	87	-+++--
797	+	640.469021	87	+++---
798	+	641.345964	87	+----+
799	+	641.853784	87	+---++
800	-	642.862099	87	---+++
801	-	644.176760	87	-++++-
802	-	645.158078	87	-+++--
803	-	645.886644	88	+++---
804	+	645.833249	88	+----+
805	+	647.828319	88	+---++
806	+	648.924997	88	---+++
807	+	649.782034	88	-++++-
808	+	650.216996	88	-+++--
809	-	651.382025	88	+++---
810	-	652.648694	88	+----+
811	-	653.611013	88	+---++
812	-	654.308914	89	---+++
813	+	654.605500	89	-++++-
814	+	656.319983	89	-+++--
815	+	657.393103	89	+++---
816	+	658.229294	89	+----+
817	+	658.566150	89	+---++
818	-	659.906482	89	---+++
819	-	661.132390	89	-++++-
820	-	662.075804	89	-+++--
821	-	662.738897	89	+++---
822	+	663.260629	90	+----+
823	+	664.822259	90	+---++
824	+	665.873180	90	---+++
825	+	666.687300	90	-++++-
826	+	666.879020	90	-+++--
827	-	668.437325	90	+++---
828	-	669.627781	90	+----+
829	-	670.552197	90	+---++
830	-	671.174976	90	---+++
831	+	671.876295	91	-++++-
832	+	673.335298	91	-+++--
833	+	674.365061	91	+++---
834	+	675.155534	91	+----+
835	+	675.086822	91	+---++
836	-	676.975778	91	---+++
837	-	678.134779	91	-++++-
838	-	679.039913	91	-+++--
839	-	679.614844	91	+++---
840	+	680.476259	91	+----+
841	+	681.859192	92	+---++
842	+	682.868563	92	---+++
843	+	683.633382	92	-++++-
844	+	682.275499	92	-+++--
845	-	685.522675	92	+++---
846	-	686.653285	92	+----+
847	-	687.538646	92	+---++
848	-	688.054997	92	---+++
849	+	689.070932	92	-++++-
850	+	690.393986	93	-+++--
851	+	691.383495	93	+++---
852	+	692.120090	93	+----+
853	-	692.078407	93	+---++
854	-	694.078591	93	---+++
855	-	695.183184	93	-++++-
856	-	696.048057	93	-+++--
857	-	696.489636	93	+++---
858	+	697.665767	93	+----+
859	+	698.939689	93	+---++
860	+	699.909647	94	---+++
861	+	700.614704	94	-++++-
862	-	700.927064	94	-+++--
863	-	702.643929	94	+++---
864	-	703.724347	94	+----+
865	-	704.567760	94	+---++
866	-	704.907938	94	---+++
867	+	706.263951	94	-++++-
868	+	707.496281	94	-+++--
869	+	708.446797	95	+++---
870	+	709.115975	95	+----+
871	-	709.655573	95	+---++
872	-	711.218967	95	---+++
873	-	712.276636	95	-++++-
874	-	713.097310	95	-+++--
875	-	713.285483	95	+++---
876	+	714.867482	95	+----+
877	+	716.063718	95	+---++
878	+	716.994698	95	---+++
879	+	717.622186	96	-++++-
880	-	718.343300	96	-+++--
881	-	719.803896	96	+++---
882	-	720.839897	96	+----+
883	-	721.636181	96	+---++
884	-	721.542420	96	---+++
885	+	723.477674	96	-++++-
886	+	724.641936	96	-+++--
887	+	725.553082	96	+++---
888	+	726.130859	97	+----+
889	-	727.014349	97	+---++
890	-	728.398839	97	---+++
891	-	729.413965	97	-++++-
892	-	730.183740	97	-+++--
893	+	728.860486	97	+++---
894	+	732.095425	97	+----+
895	+	733.230854	97	+---++
896	+	734.121648	97	---+++
897	+	734.638159	97	-++++-
898	-	735.679253	98	-+++--
899	-	737.003867	98	+++---
900	-	737.998660	98	+----+
901	-	738.739196	98	+---++
902	+	738.762651	98	---+++
903	+	740.721356	98	-++++-
904	+	741.830375	98	-+++--
905	+	742.700057	98	+++---
906	+	743.137593	98	+----+
907	-	744.343526	99	+---++
908	-	745.619013	99	---+++
909	-	746.593784	99	-++++-
910	-	747.301539	99	-+++--
911	+	747.658274	99	+++---
912	+	749.355906	99	+----+
913	+	750.440386	99	+---++
914	+	751.287919	99	---+++
915	+	751.616650	99	-++++-
916	-	753.010390	99	-+++--
917	-	754.244279	100	+++---
918	-	755.199122	100	+----+
919	-	755.869418	100	+---++
920	+	756.447758	100	---+++
921	+	757.999382	100	-++++-
922	+	759.060762	100	-+++--
923	+	759.884776	100	+++---
924	+	760.045517	100	+----+
925	-	761.681870	100	+---++
926	-	762.879637	100	---+++
927	-	763.814434	101	-++++-
928	-	764.440948	101	-+++--
929	+	765.199439	101	+++---
930	+	766.652000	101	+----+
931	+	767.691362	101	+---++
932	+	768.490082	101	---+++
933	+	768.313160	101	-++++-
934	-	770.359301	101	-+++--
935	-	771.525041	101	+++---
936	-	772.439454	102	+----+
937	-	773.013350	102	+---++
938	+	773.935228	102	---+++
939	+	775.313903	102	-++++-
940	+	776.332030	102	-+++--
941	+	777.103164	102	+++---
942	-	776.494281	102	+----+
943	-	779.043596	102	+---++
944	-	780.180424	102	---+++
945	-	781.073879	102	-++++-
946	-	781.582212	103	-+++--
947	+	782.664933	103	+++---
948	+	783.985181	103	+----+
949	+	784.982596	103	+---++
950	+	785.723175	103	---+++
951	-	785.847037	103	-++++-
952	-	787.735394	103	-+++--
953	-	788.845700	103	+++---
954	-	789.717363	103	+----+
955	-	790.139810	104	+---++
956	+	791.393767	104	---+++
957	+	792.665882	104	-++++-
958	+	793.642866	104	-+++--
959	+	794.349005	104	+++---
960	-	794.772444	104	+----+
961	-	796.435145	104	+---++
962	-	797.520770	104	---+++
963	-	798.369503	104	-++++-
964	-	798.670478	104	-+++--
965	+	800.124806	105	+++---
966	+	801.356021	105	+----+
967	+	802.312630	105	+---++
968	+	802.979148	105	---+++
969	-	803.613699	105	-++++-
970	-	805.143171	105	-+++--
971	-	806.205517	105	+++---
972	-	807.029817	105	+----+
973	-	807.133270	105	+---++
974	+	808.859997	106	---+++
975	+	810.055585	106	-++++-
976	+	810.991648	106	-+++--
977	+	811.611455	106	+++---
978	-	812.422777	106	+----+
979	-	813.859696	106	+---++
980	-	814.899808	106	---+++
981	-	815.697719	106	-++++-
982	-	815.328809	106	-+++--
983	+	817.600634	106	+++---
984	+	818.764537	107	+----+
985	+	819.679650	107	+---++
986	+	820.242670	107	---+++
987	-	821.217955	107	-++++-
988	-	822.584875	107	-+++--
989	-	823.603493	107	+++---
990	-	824.372481	107	+----+
991	+	824.120390	107	+---++
992	+	826.347608	107	---+++
993	+	827.482820	108	-++++-
994	+	828.376325	108	-+++--
995	+	828.867446	108	+++---
996	-	830.007776	108	+----+
997	-	831.318809	108	+---++
998	-	832.316405	108	---+++
999	-	833.053162	108	-++++-
1000	+	833.294838	108	-+++--
